,kboTIME,x,y,z
0,2454061.275748267,1402684018.7296336,5812288439.01057,63943496.517408624
1,2454324.0924108024,1258342407.2387607,6069027617.896497,65397585.67975187
2,2454346.1265370087,1221594174.2080183,6023160722.710568,65520174.92292548
3,2454395.734169582,1212592421.774529,5905423054.773202,65791587.538777836
4,2454424.2923216876,1251752579.0562344,5855408105.437433,65948390.91404223
5,2456667.597752265,464233275.85264844,6015324680.124575,77499110.66120148
