,mean,stddev
mass_1,4.92e+20,7e+18
mass_2,1.0,0.0
sma_2,5720.0,30.0
ecc_2,0.01,0.004
aop_2,16.280805155366735,20.0
inc_2,17.569477066734223,0.4
lan_2,110.31289057369173,1.0
mea_2,173.8,0.4
