,mean,stddev
mass_1,6.88e+18,2e+16
mass_2,1.0,0.0
sma_2,11374.0,8.0
ecc_2,0.4732,0.0006
aop_2,49.33003181874622,0.1
inc_2,66.2962882178959,0.05
lan_2,52.33173905631826,0.08
mea_2,165.5,0.1
