,geocentricTime,x,y,z
0,2453397.162,-6634289564.0752325,-1454404647.5921092,3438142379.9023657
1,2453431.009,-6578894180.02285,-1395132178.4353328,3439534247.1315002
2,2453433.984,-6576158525.6782,-1388717427.3522496,3439656054.2781267
3,2453518.816,-6650925696.738408,-1234056503.605431,3443103784.2417116
4,2453551.81,-6729364210.235585,-1233306592.0150588,3444430390.4546413
