,mean,stddev
mass_1,2.3339717561106033e+18,4e+16
mass_2,1.7660282438893967e+18,0.0
sma_2,9960.0,150.0
ecc_2,0.418,0.01
aop_2,317.49476895387346,4.0
inc_2,160.94548183977616,0.4
lan_2,15.528185475323275,2.0
mea_2,181.0,4.0
lat_offset,0.0,0.005
long_offset,0.0,0.005
