,mean,stddev
mass_1,7.8e+17,1e+16
mass_2,1.0,0.0
sma_2,20990.0,80.0
ecc_2,0.1494,0.0007
aop_2,317.71343206543025,2.0
inc_2,15.166421839356962,0.2
lan_2,329.91193265832743,0.3
mea_2,299.6,0.2
