,mean,stddev
mass_1,1.5913410070811933e+17,9000000000000001.0
mass_2,7.68658992918807e+16,0
sma_2,3830,250
ecc_2,0.516,0.04
aop_2,254.4698428142661,1.4
inc_2,61.55493591486822,4.0
lan_2,193.47481668134208,6.0
mea_2,333.0,4.0
