,mean,stddev
mass_1,3.8901069176777126e+17,6999999999999999.0
mass_2,1.9098930823222874e+17,0
sma_2,25500,500
ecc_2,0.275,0.01
aop_2,13.408102790574251,1.8
inc_2,55.02407991330482,1.2
lan_2,42.51898055019364,1.0
mea_2,182.2,1.0
