,mean,stddev
mass_1,2.03e+18,2e+16
mass_2,1.0,0.0
sma_2,103500.0,300.0
ecc_2,0.45799999999999996,0.002
aop_2,251.20018888897505,0.3
inc_2,150.71606079702573,0.2
lan_2,241.40605848982662,0.2
mea_2,164.5,0.5
