,mean,stddev
mass_1,1.3e+18,9e+16
mass_2,0.0,0.0
sma_2,54000.0,1000.0
ecc_2,0.38,0.02
aop_2,168.59376130715893,2.0
inc_2,25.562995341784873,0.4
lan_2,93.03824412924527,0.8
mea_2,291.6,0.8
