,mean,stddev
mass_1,8.7e+17,3e+16
mass_2,0.0,0.0
sma_2,1580.0,20.0
ecc_2,0.507,0.009000000000000001
aop_2,128.80522174676594,1.0
inc_2,52.52239299982944,2.0
lan_2,234.14529863852692,2.0
mea_2,17.0,1.0
