,mean,stddev
mass_1,5.8e+17,6999999999999999.0
mass_2,0.0,0.0
sma_2,25500.0,100.0
ecc_2,0.275,0.002
aop_2,13.408102790574251,0.9
inc_2,55.02407991330482,0.6
lan_2,42.51898055019364,0.5
mea_2,182.2,0.5
