,mean,stddev
mass_1,1.24e+18,7.000000000000001e+16
mass_2,0.0,0.0
sma_2,31600.0,600.0
ecc_2,0.9179999999999999,0.002
aop_2,155.3222677196869,1.0
inc_2,132.84739027141663,0.8
lan_2,111.29173365150632,0.8
mea_2,234.0,1.0
