,mean,stddev
mass_1,3.09e+18,3e+16
mass_2,1.0,0.0
sma_2,4990.0,20.0
ecc_2,0.489,0.004
aop_2,12.318431532378524,0.9
inc_2,131.64930296297786,0.6
lan_2,89.6530742256127,0.8
mea_2,353.3,1.0
