,mean,stddev
mass_1,4.05e+17,6000000000000000.0
mass_2,0.0,0.0
sma_2,3310.0,20.0
ecc_2,0.368,0.004
aop_2,83.19663181224276,0.6
inc_2,54.69590694960457,0.7
lan_2,258.77495160164307,1.0
mea_2,67.30000000000001,0.9
