,mean,stddev
mass_1,4.006e+21,4e+16
mass_2,1.79e+19,1.0e+15
sma_2,49880,5
ecc_2,0.0513,0.00001
aop_2,154.1,0.0001
inc_2,126.356,0.0001
lan_2,206.766,0.0001
mea_2,152.8,0.0001
mass_3,1.79e+18,1.0e+14
sma_3,25657,5
ecc_3,0.249,0.00001
aop_3,178.9,0.0001
inc_3,113.013,0.0001
lan_3,206.776,0.0001
mea_3,178.5,0.0001