,mean,stddev
mass_1,4.006e+21,5e+19
mass_2,1.79e+19,6.0e+18
sma_2,49880,266.36295
ecc_2,0.0513,0.0090761734
aop_2,154.1,10
inc_2,126.356,0.342497917
lan_2,206.766,0.5135015686
mea_2,152.8,8.809243958
mass_3,1.79e+18,2.428278201e+18
sma_3,25657,197
ecc_3,0.249,0.0346263427
aop_3,178.9,10.8973
inc_3,113.013,0.5093396
lan_3,206.776,1.71861695
mea_3,178.5,5.2187