,mean,stddev
epoch,2452600.0,
period_1,309.9,0.2
sma_2,8220,40
ecc_2,0.546,0.008
inc_2,95.4,0.5
long_epoch_2,259.5,0.7
lan_2,16.1,0.3
pomega_2,223.8,0.7
mass_tot,0.45799999999999996,0.006999999999999999
diam_1,82,
diam_2,67,
