,mean,stddev
mass_1,6.548800E+18,3.378300E+17
mass_2,5.270000E+18,6.000000E+16
mass_3,7.470000E+17,6.000000E+16
sma_2,8.520000E+02,1.857200E+01
ecc_2,1.038600E-01,1.115700E-01
aop_2,9.020000E+01,6.300000E+00
inc_2,6.870000E+01,6.000000E-01
lan_2,3.280000E+02,1.000000E+00
mea_2,1.840000E+02,1.600000E+00
sma_3,7.410000E+03,1.200000E+01
ecc_3,2.950000E-01,9.000000E-04
aop_3,3.420000E+02,2.000000E-01
inc_3,6.030000E+01,2.000000E-01
lan_3,3.200000E+02,1.000000E-01
mea_3,2.810000E+02,3.000000E-01