,mean,stddev
mass_1,1.23e+20,3e+18
mass_2,1.0,0.0
sma_2,4750.0,40.0
ecc_2,0.18,0.02
aop_2,17.026599561584998,1.0
inc_2,84.46083811521568,0.3
lan_2,203.21467383975275,0.3
mea_2,289.0,0.3
