,mean,stddev
mass_1,1.1085043988269795e+21,7e+19
mass_2,6.414956011730205e+20,0.0
sma_2,24100,1500
ecc_2,0.29,0.05
aop_2,63.44589829294341,3.76
inc_2,63.54699589666174,1.72
lan_2,35.973732451960394,2.14
mea_2,96.51999999999998,1.9
