,kboTIME,x,y,z
0,2456373.8696856145,-2652983234.9608083,-506562666.17570776,-38138618.100352496
