,kboTIME,x,y,z
0,2459453.6058177985,-6583039320.420044,2109626610.5616043,-2437866036.0190806
