,mean,stddev
mass_1,4.02e+18,4e+16
mass_2,1.0,0.0
sma_2,9960.0,30.0
ecc_2,0.349,0.003
aop_2,192.0131564522285,0.6
inc_2,25.075588628081636,0.2
lan_2,274.372997008667,0.3
mea_2,123.70000000000002,0.2
