,mean,stddev
mass_1,1.0601797491392842e+18,4e+16
mass_2,3.982025086071588e+16,0.0
sma_2,2370.0,150.0
ecc_2,0.014,0.04
aop_2,196.8413165936704,150.0
inc_2,99.15724246319952,12.0
lan_2,152.64343768615186,8.6
mea_2,267.7,7.0
lat_offset,0.0,0.005
long_offset,0.0,0.005
