,mean,stddev
mass_1,1.1099315403422984e+18,3e+17
mass_2,2.9006845965770176e+17,2.9006845965770176e+16
sma_2,34000.0,10000.0
ecc_2,0.85,0.05
aop_2,169.8648651119963,6.0
inc_2,12.561543759972405,0.8
lan_2,80.54497146119681,4.0
mea_2,76.0,6.0
j2r2_1,6.413458957167357,1.0
sprate_1,0.00017453292519943296,0.0
spinc_1,12.561543759972405,4.0
splan_1,80.54497146119681,20.0
