,mean,stddev
mass_1,2.36e+17,9000000000000002.0
mass_2,1.0,0.0
sma_2,3830.0,50.0
ecc_2,0.516,0.008
aop_2,254.4698428142661,0.7
inc_2,61.55493591486822,2.0
lan_2,193.47481668134208,3.0
mea_2,333.0,2.0
