,mean,stddev
mass_1,4.7418948779684345e+20,7e+18
mass_2,1.7810512203156554e+19,0
sma_2,5720,150
ecc_2,0.01,0.02
aop_2,16.280805155366735,40.0
inc_2,17.569477066734223,0.8
lan_2,110.31289057369173,2.0
mea_2,173.8,0.8
