,mean,stddev
mass_1,1.5389766e22,0.001e22
mass_2,8.36941e20,1.0e+18
sma_2,12453.129,10
ecc_2,0.016,0.001
aop_2,113.385,5
inc_2,61.547,1
lan_2,138.985,0.5
mea_2,89.053,10
mass_3,7.8632e19,1.0e+18
sma_3,37364.565,100
ecc_3,0.004,0.001
aop_3,299.353,10
inc_3,61.969,0.18
lan_3,138.514,0.215
mea_3,66.001,10
f_val_1,0,2
