,mean,stddev
mass_1,1.19e+19,1e+17
mass_2,0.0,0.0
sma_2,3810.0,10.0
ecc_2,0.33399999999999996,0.002
aop_2,209.5715006821235,0.3
inc_2,55.13556573677207,0.3
lan_2,95.34093552162474,0.5
mea_2,353.0,0.3
