,mean,stddev
mass_1,1.08e+19,2e+17
mass_2,1.0,0.0
sma_2,2770.0,10.0
ecc_2,0.026000000000000002,0.006
aop_2,185.25765743508768,5.0
inc_2,121.05982231798892,0.3
lan_2,133.95525973267476,0.2
mea_2,33.89999999999998,0.2
