,mean,stddev
mass_1,9.5e+18,2e+17
mass_2,1.0,0.0
sma_2,10400.0,80.0
ecc_2,0.43799999999999994,0.003
aop_2,209.78356041476235,0.5
inc_2,101.23020751644198,0.6
lan_2,120.17761071752105,0.7
mea_2,176.60000000000002,0.6
