,mean,stddev
mass_1,1.647e+22,7e+19
mass_2,0.0,0.0
sma_2,37270.0,50.0
ecc_2,0.0062,0.0009
aop_2,162.3991830956006,10.0
inc_2,61.608095552481984,0.1
lan_2,139.1362675410544,0.2
mea_2,175.8,0.2
