,mean,stddev
mass_1,1.62e22,0.1e22
mass_2,2.0e20,1.0e+20
sma_2,37273,1000
ecc_2,0.0062,0.01
aop_2,159.41695113,10
inc_2,61.59097624,2
lan_2,139.11777174,2
mea_2,180,5
j2r2_1,20000.0,10000.0
spinc_1,61.59097624,2
splan_1,139.11777174,2
