,kboTIME,x,y,z
0,2454230.7894845,5765846890.470273,-2173721976.483925,-2777429.589626312
