,mean,stddev
mass_1,5.848568270916389e+18,2.4e+14
mass_2,7.801711055557263e+18,3.0e+17
mass_3,1.5942571919550464e+16,2.0e+17
sma_2,854.633650220196,7.0
ecc_2,0.10617081172083567,0.015
aop_2,84.41512895206904,7.0
inc_2,68.18421402474087,0.9
lan_2,325.20476168779635,1.3
mea_2,165.9932685919897,6.5
sma_3,7603.937015303354,23.0
ecc_3,0.2904878643513098,0.0015
aop_3,358.5358872891339,0.4
inc_3,59.56462377863903,0.4
lan_3,324.6278436378706,0.35
mea_3,190.50375852754212,0.65
