,mean,stddev
mass_1,6.5e+18,4e+17
mass_2,0.0,0.0
sma_2,22400.0,400.0
ecc_2,0.71,0.02
aop_2,196.82134425587793,1.0
inc_2,33.974808391568224,2.0
lan_2,239.2160930141019,2.0
mea_2,204.0,3.0
