,mean,stddev
mass_1,1.4e+18,3e+17
mass_2,0.0,0.0
sma_2,34000.0,2000.0
ecc_2,0.85,0.01
aop_2,169.86486511199632,3.0
inc_2,12.561543759972405,0.4
lan_2,80.54497146119682,2.0
mea_2,76.0,3.0
