,mean,stddev
mass_1,2.14e+18,2e+16
mass_2,0.0,0.0
sma_2,69700.0,200.0
ecc_2,0.21600000000000005,0.001
aop_2,208.79197824437247,1.0
inc_2,13.271201207528788,0.2
lan_2,257.8979935133594,0.2
mea_2,185.3,0.3
