,mean,stddev
mass_1,1.36e+20,3e+18
mass_2,1.0,0.0
sma_2,6040.0,50.0
ecc_2,0.024,0.006999999999999999
aop_2,312.2547314551306,20.0
inc_2,55.61039278308317,0.4
lan_2,128.5920836633314,1.0
mea_2,254.0,1.0
