,mean,stddev
epoch,2453500.0,
period_1,309.6,0.2
sma_2,8550.0,100.0
ecc_2,0.6629999999999999,0.009000000000000001
inc_2,41.8,0.6
long_epoch_2,313.0,1.0
lan_2,113.6,0.4
pomega_2,287.0,1.0
mass_tot,5.2e+17,2e+16
diam_1,81.0,
diam_2,80.0,
