,mean,stddev
mass_1,7.4956253114136e+19,5e+18
mass_2,2.0437468858640015e+18,0.0
sma_2,4090.0,450.0
ecc_2,0.2,0.25
aop_2,155.6038934272647,7.0
inc_2,159.95619287792715,1.16
lan_2,233.35861885093047,2.4
mea_2,348.7,5.4
lat_offset,0.0,0.005
long_offset,0.0,0.005
