,mean,stddev
mass_1,7.992945580932443e+17,7.000000000000001e+16
mass_2,4.4070544190675584e+17,0.0
sma_2,31600.0,3000.0
ecc_2,0.918,0.01
aop_2,155.32226771968692,2.0
inc_2,132.84739027141666,1.6
lan_2,111.2917336515063,1.6
mea_2,234.0,2.0
lat_offset,0.0,0.005
long_offset,0.0,0.005
