,mean,stddev
mass_1,3.44e+18,3e+16
mass_2,0.0,0.0
sma_2,4530.0,10.0
ecc_2,0.47,0.002
aop_2,139.07885342906073,0.6
inc_2,49.92804382399654,0.3
lan_2,88.66651610862893,0.4
mea_2,335.7,0.5
