,mean,stddev
mass_1,1.89e+17,3000000000000000.0
mass_2,0.0,0.0
sma_2,33500.0,100.0
ecc_2,0.304,0.008
aop_2,296.3422968163212,0.9
inc_2,167.65383438928976,0.2
lan_2,224.70441876262967,0.2
mea_2,263.1,0.3
