,mean,stddev
mass_1,1.94e+18,4e+16
mass_2,0.0,0.0
sma_2,6670.0,40.0
ecc_2,0.563,0.006999999999999999
aop_2,78.77646038917278,2.0
inc_2,48.507267386787696,0.2
lan_2,170.62650920932708,0.8
mea_2,235.5,0.5
