,mean,stddev
mass_1,5.4000000000000006e+17,2e+16
mass_2,1.0,0.0
sma_2,26800.0,300.0
ecc_2,0.588,0.008
aop_2,145.2735279074753,2.0
inc_2,26.58596861508119,0.4
lan_2,96.17620152273382,1.0
mea_2,171.5,0.8
