,mean,stddev
epoch,2454300.0,
period_1,137.68,0.03
sma_2,3830,50
ecc_2,0.516,0.008
inc_2,39,2
long_epoch_2,58,2
lan_2,199,3
pomega_2,85.0,0.7
mass_tot,0.23600000000000002,0.009000000000000001
diam_1,65,
diam_2,51,
