,kboTIME,x,y,z
0,2454089.273435659,-1926117365.6187842,6172932800.291502,-135947914.97619724
