,mean,stddev
mass_1,1.9e+17,1e+16
mass_2,0.0,0.0
sma_2,3400.0,70.0
ecc_2,0.3,0.03
aop_2,78.78296492883767,2.0
inc_2,24.4131977245998,1.0
lan_2,73.23160519828589,2.0
mea_2,329.0,2.0
