,mean,stddev
mass_1,4.06e+18,7.000000000000001e+16
mass_2,0.0,0.0
sma_2,9310.0,50.0
ecc_2,0.556,0.005
aop_2,286.97089410771576,0.9
inc_2,20.12861837089742,0.2
lan_2,322.00365552018957,0.3
mea_2,265.7,0.3
