,mean,stddev
mass_1,1.5272639093936996e+18,1e+17
mass_2,6.727360906063005e+17,6.7273609060630056e+16
sma_2,7700.0,500.0
ecc_2,0.69,0.05
aop_2,170.11582006613818,1.6
inc_2,10.045286183182586,0.8
lan_2,13.005495601577175,0.6
mea_2,312.5,1.8
j2r2_1,6.536691597591305,1.0
sprate_1,0.00017453292519943296,0.0
spinc_1,0.0,0.0
splan_1,0.0,0.0
