,mean,stddev
mass_1,5.4500000000000006e+17,8000000000000000.0
mass_2,0.0,0.0
sma_2,6940.0,30.0
ecc_2,0.095,0.005
aop_2,333.4401976536435,4.0
inc_2,44.119741378187015,0.6
lan_2,132.89129808692863,0.7
mea_2,309.3,0.7
