,mean,stddev
mass_1,2.2000000000000005e+18,1e+17
mass_2,1.0,0.0
sma_2,7700.0,100.0
ecc_2,0.69,0.01
aop_2,170.1158200661382,0.8
inc_2,10.045286183182586,0.4
lan_2,13.005495601577177,0.3
mea_2,312.5,0.9
