,mean,stddev
mass_1,2.333971756110603e+18,4e+16
mass_2,1.7660282438893967e+18,0
sma_2,9960,150
ecc_2,0.418,0.01
aop_2,317.49476895387346,4.0
inc_2,160.94548183977616,0.4
lan_2,15.528185475323271,2.0
mea_2,181.0,4.0
