,mean,stddev
mass_1,1.684926686217009e+20,6e+18
mass_2,9.750733137829913e+19,9.750733137829913e+18
sma_2,4810.0,200.0
ecc_2,0.022,0.04
aop_2,329.71616099696195,26.0
inc_2,67.68221386892503,3.6
lan_2,315.6154600225745,3.0
mea_2,137.9,3.0
j2r2_1,8.216088098632316,1.0
sprate_1,0.00029531797834083415,0.0
spinc_1,67.68221386892503,18.0
splan_1,315.6154600225745,15.0
