,mean,stddev
mass_1,5.2e+17,2e+16
mass_2,1.0,0.0
sma_2,8550.0,100.0
ecc_2,0.6629999999999999,0.009000000000000001
aop_2,146.8729802324796,1.0
inc_2,54.70340905490573,0.6
lan_2,131.5520080261503,0.4
mea_2,26.0,1.0
