,mean,stddev
mass_1,2e+18,6e+16
mass_2,1.0,0.0
sma_2,2500.0,30.0
ecc_2,0.03,0.01
aop_2,208.94307033481653,20.0
inc_2,71.22486510660929,2.0
lan_2,278.14703738651343,2.0
mea_2,6.0,3.0
