,mean,stddev
mass_1,2.66e+18,1e+16
mass_2,0.0,0.0
sma_2,22620.0,40.0
ecc_2,0.8190000000000001,0.002
aop_2,221.742049931585,0.6
inc_2,48.15540848807374,0.4
lan_2,117.76586409276943,0.7
mea_2,42.30000000000001,0.3
