,mean,stddev
mass_1,4.58e+17,6999999999999999.0
mass_2,1.0,0.0
sma_2,8220.0,40.0
ecc_2,0.546,0.008
aop_2,201.07222214493945,0.7
inc_2,72.89351403769852,0.5
lan_2,16.78991653400911,0.3
mea_2,35.69999999999999,0.7
