,mean,stddev
mass_1,6.35e+20,2e+18
mass_2,1.0,0.0
sma_2,9000.0,9.0
ecc_2,0.0009,0.0005
aop_2,257.8505175970156,50.0
inc_2,90.51047227944485,0.2
lan_2,50.940946346437414,0.3
mea_2,218.5,0.4
