,kboTIME,x,y,z
0,2459453.6332115782,5992943566.317344,695584344.2973831,2726202126.1397395
