,kboTIME,x,y,z
0,2459453.535716746,-840519899.4220582,-6351726274.288994,2502949098.500433
