,kboTIME,x,y,z
0,2458884.619859296,1997700930.0873296,6486994865.634501,593845202.6249943
