,kboTIME,x,y,z
0,2457991.6023788946,-166157358.70527065,-6290740595.810728,881140415.5798728
