,kboTIME,x,y,z
0,2457991.660491405,5690802420.209762,-1623727313.285149,-118629011.66612436
1,2459453.696683266,5830051367.1444645,-1038054733.5163258,-142530109.63351154
