,Sun,Prim,Secondary
mass,1.989e30,3.778e17,1.986955e17
axis,1,1,1
j2r2,1.0,1.0,1.0
c22r2,0.0,0.0,0.0
sp_rate,1.0,1.0,1.0
sp_obl,1.0,1.0,1
sp_prc,1.0,1.0,1
sp_lon,1.0,1.0,1.0
sma,1e10,0.00E+00,25430
ecc,0.05,0.00E+00,0.27366
inc,0.768,0.00E+00,0.960351
lan,0.626,0.00E+00,0.742096
aop,2.64,0.00E+00,0.231759
mea,3.57,0.00E+00,5.18712