,Eris,Hercules,Dysnomia
mass,1.6e22,4e18,1.6e20
axis,1163.0,35.0,350.0
j2r2,0.0,0.0,0000.0
c22r2,0.0,0.0,000.0
sp_rate,5e-6,5e-6,5e-6
sp_obl,0,0.0,0
sp_prc,0,0.0,0
sp_lon,0,0.0,0
sma,0.00E+00,23466.0,37282
ecc,0.00E+00,0.035,0.006
inc,0.00E+00,1.0,1.09281
aop,0.00E+00,2.27086,5.21975
lan,0.00E+00,2.4243,2.40715
mea,0.00E+00,0.09209,0.68449
