,Eris,Hercules,Dysnomia
mass,1.537775e22,7.89232776e20,6.910898757e19
axis,1163.0,500.0,350.0
j2r2,0.0,0.0,0000.0
c22r2,0.0,0.0,000.0
sp_rate,5e-6,5e-6,5e-6
sp_obl,0.6185,0.0,0
sp_prc,2.548,0.0,0
sp_lon,0.3536,0.0,0
sma,0.00E+00,12420.0,37282
ecc,0.00E+00,0.0229,0.00489
inc,0.00E+00,1.08498,1.09281
lan,0.00E+00,2.27086,5.21975
aop,0.00E+00,2.4243,2.40715
mea,0.00E+00,0.09209,0.68449
