,Haumea,Hi'iaka
mass,1.1e19,1e10
axis,0.0,0.0
j2r2,2000.0,0.0
c22r2,100.0,0.0
sp_rate,0.00005875439317,0.000005875429317
sp_obl,2.3518476398,2.1118476398
sp_prc,3.2063112479,3.2463112479
sp_lon,2.3287403614,2.3387403614
sma,0.00E+00,27700.0
ecc,0.00E+00,0.001
inc,0.00E+00,2.1118476398
lan,0.00E+00,2.3387403614
aop,0.00E+00,3.2463112479
mea,0.00E+00,0.0
