,Haumea,Hi'iaka,Namaka
mass,4.15e21,2.0e10,5e9
axis,537,150,100
j2r2,100000,0.0,0.0
c22r2,0.0,0.0,0.0
sp_rate,4.457e-4,2e-5,2e-5
sp_obl,1.9198614907,0.0,0.0
sp_prc,3.5657063869,0.0,0.0
sp_lon,3.14,0.0,0.0
sma,0.00E+00,50181.0,25847.0
ecc,0.00E+00,0.055,0.264
inc,0.00E+00,2.220930679,1.7453286279
lan,0.00E+00,3.6191134429,3.5796690159
aop,0.00E+00,2.0245812084,3.2445659193
mea,0.00E+00,3.3562669515,3.1206475867
