,mean,stddev
mass_1,2.43e+18,3e+16
mass_2,1.0,0.0
sma_2,27600.0,100.0
ecc_2,0.249,0.002
aop_2,301.9003610660502,1.0
inc_2,127.60540535157783,0.3
lan_2,36.52754911800274,0.6
mea_2,276.0,1.0
