,mean,stddev
mass_1,7.7e+17,4e+16
mass_2,1.0,0.0
sma_2,2300.0,40.0
ecc_2,0.02,0.01
aop_2,313.94721876690096,40.0
inc_2,64.43946492042312,2.0
lan_2,200.78819370127823,2.0
mea_2,223.0,2.0
