,time,dist,RA-Primary,DEC-Primary,Delta-RA,Delta-RA-err,Delta-DEC,Delta-DEC-err
0,2454089.7782099997,43.24733,7.241536,21.12197,-0.10693,0.00098,0.01285,0.0005200000000000001
