,mean,stddev
mass_1,1.0601797491392842e+18,4e+16
mass_2,3.982025086071588e+16,0.0
sma_2,2370,150
ecc_2,0.013999999999999999,0.04
aop_2,212.71991476931152,30.0
inc_2,83.12396387149478,11.2
lan_2,174.60523552625364,11.6
mea_2,252.5,6.4
