,mean,stddev
mass_1,7.992945580932443e+17,7.000000000000001e+16
mass_2,4.4070544190675584e+17,0
sma_2,31600,3000
ecc_2,0.9179999999999999,0.01
aop_2,155.3222677196869,2.0
inc_2,132.84739027141663,1.6
lan_2,111.29173365150632,1.6
mea_2,234.0,2.0
