,mean,stddev
mass_1,4.8e+20,7e+18
mass_2,8.0e+19,1e+17
sma_2,5920.0,20.0
ecc_2,0.025,0.004
aop_2,250,2
inc_2,15.1,1
lan_2,110.31289057369173,10
mea_2,300.0,5
j2r2_1,30000.0,100.0
c22r2_1,8000.0,10.0
spaop_1,100.0,10
spinc_1,2.0,5
splan_1,180.0,5
sprate_1,2.86589e-4,5.0e-5
lat_offset,-0.005,0.0005
long_offset,-0.005,0.0005
