,mean,stddev
mass_1,4.92e+20,7e+18
mass_2,1.864e+19,1e+17
sma_2,5720.0,30.0
ecc_2,0.01,0.004
aop_2,16.280805155366735,20.0
inc_2,17.569477066734223,0.4
lan_2,110.31289057369173,1.0
mea_2,173.8,0.4
j2r2_1,20000.0,10000.0
c22r2_1,5000.0,1000.0
spaop_1,25,10
spinc_1,48.5,2
splan_1,136.0,5
sprate_1,1.66e-4,5.0e-5
lat_offset,0,0.001
long_offset,0,0.001